<?xml version="1.0" encoding="utf-8"?>
<set
  xmlns:android="http://schemas.android.com/apk/res/android">
    <selector>
        <item android:state_enabled="true" android:state_pressed="true">
            <set>
                <objectAnimator android:duration="@integer/mtrl_btn_anim_duration_ms" android:valueTo="@dimen/m3_comp_extended_fab_primary_pressed_container_elevation" android:valueType="floatType" android:propertyName="translationZ" />
                <objectAnimator android:duration="0" android:valueTo="@dimen/m3_comp_extended_fab_primary_container_elevation" android:valueType="floatType" android:propertyName="elevation" />
            </set>
        </item>
        <item android:state_enabled="true" android:state_hovered="true">
            <set>
                <objectAnimator android:duration="@integer/mtrl_btn_anim_duration_ms" android:valueTo="@dimen/m3_comp_extended_fab_primary_hover_container_elevation" android:valueType="floatType" android:propertyName="translationZ" />
                <objectAnimator android:duration="0" android:valueTo="@dimen/m3_comp_extended_fab_primary_container_elevation" android:valueType="floatType" android:propertyName="elevation" />
            </set>
        </item>
        <item android:state_focused="true" android:state_enabled="true">
            <set>
                <objectAnimator android:duration="@integer/mtrl_btn_anim_duration_ms" android:valueTo="@dimen/m3_comp_extended_fab_primary_focus_container_elevation" android:valueType="floatType" android:propertyName="translationZ" />
                <objectAnimator android:duration="0" android:valueTo="@dimen/m3_comp_extended_fab_primary_container_elevation" android:valueType="floatType" android:propertyName="elevation" />
            </set>
        </item>
        <item android:state_enabled="true">
            <set>
                <objectAnimator android:duration="@integer/mtrl_btn_anim_duration_ms" android:valueTo="@dimen/mtrl_extended_fab_translation_z_base" android:valueType="floatType" android:propertyName="translationZ" android:startDelay="@integer/mtrl_btn_anim_delay_ms" />
                <objectAnimator android:duration="0" android:valueTo="@dimen/m3_comp_extended_fab_primary_container_elevation" android:valueType="floatType" android:propertyName="elevation" />
            </set>
        </item>
        <item>
            <set>
                <objectAnimator android:duration="0" android:valueTo="@dimen/mtrl_extended_fab_disabled_translation_z" android:valueType="floatType" android:propertyName="translationZ" />
                <objectAnimator android:duration="0" android:valueTo="@dimen/mtrl_extended_fab_disabled_elevation" android:valueType="floatType" android:propertyName="elevation" />
            </set>
        </item>
    </selector>
</set>