<?xml version="1.0" encoding="utf-8"?>
<androidx.preference.PreferenceScreen
  xmlns:android="http://schemas.android.com/apk/res/android" xmlns:app="http://schemas.android.com/apk/res-auto">
    <androidx.preference.PreferenceCategory android:layout="@layout/preferences_category" android:title="@string/apk_decoding" android:key="DecodeCategory">
        <androidx.preference.SwitchPreference android:title="@string/pref_title_multi_package" android:key="fixMultiRes" android:summary="@string/pref_summary_multi_package" android:defaultValue="true" />
    </androidx.preference.PreferenceCategory>
    <androidx.preference.PreferenceCategory android:layout="@layout/preferences_category" android:title="@string/apk_building" android:key="ApkBuilding">
        <androidx.preference.SwitchPreference android:title="@string/tight_control" android:key="apktool_check_exists_files" android:summary="@string/tight_control_summary" android:defaultValue="false" />
        <androidx.preference.SwitchPreference android:title="@string/aapt_rules_title" android:key="ae_aapt_rules" android:summary="@string/aapt_rules_sum" android:defaultValue="true" />
        <androidx.preference.SwitchPreference android:title="@string/pref_title_aapt2" android:key="aapt2" android:summary="@string/pref_summary_aapt2" android:defaultValue="true" />
        <androidx.preference.SwitchPreference android:title="@string/apktool_config_title" android:key="apktool_use_json" android:defaultValue="true" android:summaryOn="JSON" android:summaryOff="YML" />
    </androidx.preference.PreferenceCategory>
    <androidx.preference.PreferenceCategory android:layout="@layout/preferences_category" android:title="@string/signing_catergory_title">
        <androidx.preference.SwitchPreference android:title="@string/settings_signing_title" android:key="signing_enabled" android:summaryOn="@string/settings_signing_on" android:summaryOff="@string/settings_signing_off" app:defaultValue="true" />
        <androidx.preference.SwitchPreference android:title="@string/signing_on_title" android:key="signing_on" android:summary="@string/signing_on_sum" android:dependency="signing_enabled" app:defaultValue="false" />
        <androidx.preference.EditTextPreference android:title="@string/signing_pass_title" android:key="signing_pass" app:dependency="signing_on" app:useSimpleSummaryProvider="true" />
        <androidx.preference.EditTextPreference android:title="@string/signing_alias_title" android:key="signing_key_alias" app:dependency="signing_on" app:useSimpleSummaryProvider="true" />
        <androidx.preference.EditTextPreference android:title="@string/signing_password_title" android:key="signing_key_password" app:dependency="signing_on" app:useSimpleSummaryProvider="true" />
        <androidx.preference.SeekBarPreference android:max="4" android:title="@string/signing_signature_title" android:key="signing_version" android:summary="@string/signing_signature_sum" app:defaultValue="2" app:dependency="signing_on" app:min="1" app:showSeekBarValue="true" app:updatesContinuously="false" />
    </androidx.preference.PreferenceCategory>
</androidx.preference.PreferenceScreen>