<?xml version="1.0" encoding="utf-8"?>
<androidx.preference.PreferenceScreen
  xmlns:android="http://schemas.android.com/apk/res/android" xmlns:app="http://schemas.android.com/apk/res-auto">
    <androidx.preference.PreferenceCategory android:layout="@layout/preferences_category" android:title="@string/editor_category_title">
        <androidx.preference.SeekBarPreference android:max="28" android:title="@string/editor_text_size_title" android:key="editor_font_size" android:defaultValue="14" app:min="12" app:showSeekBarValue="true" />
        <androidx.preference.SwitchPreference android:title="@string/wordwrap" android:key="editor_wordwrap" android:defaultValue="false" />
        <androidx.preference.SwitchPreference android:title="@string/line_number_visibility" android:key="editor_line_number" android:defaultValue="true" />
        <androidx.preference.SwitchPreference android:title="@string/pin_line_number" android:key="editor_pin_line_number" android:defaultValue="false" />
        <androidx.preference.SwitchPreference android:title="@string/settings_unprintable" android:key="editor_printable_characters" android:summary="@string/settings_unprintable_sum" android:defaultValue="true" />
        <androidx.preference.SwitchPreference android:title="@string/magnifier" android:key="editor_magnifier" android:defaultValue="true" />
        <androidx.preference.SwitchPreference android:title="@string/use_icu_library" android:key="editor_use_icu_library" android:defaultValue="true" />
    </androidx.preference.PreferenceCategory>
</androidx.preference.PreferenceScreen>