<?xml version="1.0" encoding="utf-8"?>
<androidx.preference.PreferenceScreen
  xmlns:android="http://schemas.android.com/apk/res/android" xmlns:app="http://schemas.android.com/apk/res-auto">
    <androidx.preference.PreferenceCategory android:layout="@layout/preferences_category" android:title="@string/about">
        <androidx.preference.Preference android:icon="@drawable/ic_about" android:title="@string/app_name">
            <intent android:action="com.mcal.action.SHOW_ABOUT" />
        </androidx.preference.Preference>
    </androidx.preference.PreferenceCategory>
    <androidx.preference.PreferenceCategory android:layout="@layout/preferences_category" android:title="@string/appearance" android:key="Appearance">
        <androidx.preference.SwitchPreference android:title="Material You" android:key="ui_monet" android:defaultValue="true" android:summaryOn="@string/ui_monet_sum_on" android:summaryOff="@string/ui_monet_sum_off" />
        <androidx.preference.ListPreference android:icon="@drawable/ic_language" android:entries="@array/language_key" android:title="@string/preferred_language" android:key="Language" android:entryValues="@array/language_value" app:useSimpleSummaryProvider="true" />
    </androidx.preference.PreferenceCategory>
    <androidx.preference.PreferenceCategory android:layout="@layout/preferences_category" android:title="@string/settings_connection_category">
        <androidx.preference.ListPreference android:entries="@array/domain_com" android:title="@string/settings_server_title" android:key="domain_hk" android:defaultValue="hk" android:entryValues="@array/domain_com_values" app:useSimpleSummaryProvider="true" />
    </androidx.preference.PreferenceCategory>
    <androidx.preference.PreferenceCategory android:layout="@layout/preferences_category" android:title="@string/others">
        <androidx.preference.Preference android:icon="@drawable/ic_delete" android:title="@string/title_clear_history" android:key="pref_clear_history" android:summary="@string/pref_summary_clear_history" />
        <androidx.preference.SeekBarPreference android:max="1536" android:key="garbage_limit" app:defaultValue="512" app:icon="@drawable/ic_settings_cache_limit" app:min="256" app:seekBarIncrement="128" app:showSeekBarValue="true" app:summary="@string/garbage_limit_subtitle" app:title="@string/settings_garbage_limit" app:updatesContinuously="false" />
        <androidx.preference.ListPreference android:entries="@array/file_extract_rename_key" android:title="@string/file_rename" android:key="FileRenameOption" android:defaultValue="0" android:entryValues="@array/file_extract_rename_value" app:useSimpleSummaryProvider="true" />
    </androidx.preference.PreferenceCategory>
</androidx.preference.PreferenceScreen>