<?xml version="1.0" encoding="utf-8"?>
<selector
  xmlns:android="http://schemas.android.com/apk/res/android">
    <item android:state_checked="true">
        <shape android:dither="true" android:visible="true" android:shape="rectangle" android:useLevel="false">
            <corners android:radius="25.0dip" />
            <size android:width="2.0dip" />
            <solid android:color="?colorAccent" />
        </shape>
    </item>
    <item android:state_checked="false">
        <shape android:dither="true" android:visible="true" android:shape="rectangle" android:useLevel="false">
            <corners android:radius="25.0dip" />
            <size android:width="2.0dip" />
            <solid android:color="#aeb5b5b5" />
        </shape>
    </item>
</selector>